{
  "class_names": [
    "Biodegradable",
    "E-Waste",
    "Glass",
    "Hazardous",
    "Metal",
    "Paper",
    "Plastic",
    "Textile"
  ],
  "num_classes": 8,
  "img_size": 224,
  "model_architecture": "EfficientNetB0 + Custom Head (256-128)",
  "augmentation_strategy": "Online (runtime) -- different random variation every epoch",
  "hyperparameters": {
    "batch_size": 16,
    "epochs_head": 40,
    "epochs_fine": 50,
    "lr_head": 0.0003,
    "lr_fine": 2e-05,
    "fine_tune_layers": 50,
    "augmentation": {
      "rotation_range": 20,
      "width_shift_range": 0.15,
      "height_shift_range": 0.15,
      "shear_range": 0.15,
      "zoom_range": 0.2,
      "horizontal_flip": true,
      "vertical_flip": false,
      "brightness_range": [
        0.7,
        1.3
      ],
      "channel_shift_range": 20.0,
      "fill_mode": "reflect"
    },
    "label_smoothing": 0.1
  },
  "training_history": {
    "accuracy": [
      0.259765625,
      0.564453125,
      0.724609375,
      0.76171875,
      0.767578125,
      0.822265625,
      0.826171875,
      0.82421875,
      0.90625,
      0.87890625,
      0.900390625,
      0.90234375,
      0.912109375,
      0.908203125,
      0.921875,
      0.904296875,
      0.919921875,
      0.931640625,
      0.91015625,
      0.7979674339294434,
      0.7935745120048523,
      0.7753649353981018,
      0.7487995624542236,
      0.7379171252250671,
      0.7329005599021912,
      0.79245924949646,
      0.7533121705055237,
      0.7666447758674622,
      0.7463400959968567,
      0.7589972019195557,
      0.7506312131881714,
      0.7626533508300781,
      0.7603862285614014
    ],
    "val_loss": [
      1.731166124343872,
      1.5100730657577515,
      1.3686059713363647,
      1.2816721200942993,
      1.2264957427978516,
      1.2031865119934082,
      1.1854583024978638,
      1.174808382987976,
      1.1606088876724243,
      1.1046926975250244,
      1.0885640382766724,
      1.108482003211975,
      1.120450496673584,
      1.127035140991211,
      1.1310384273529053,
      1.1391537189483643,
      1.1388487815856934,
      1.1218503713607788,
      1.1293654441833496,
      1.1320233345031738,
      1.12880539894104,
      1.1377995014190674,
      1.1388081312179565,
      1.1272422075271606,
      1.1370208263397217,
      1.138413906097412,
      1.0904145240783691,
      1.091780185699463,
      1.0981167554855347,
      1.1028493642807007,
      1.1059470176696777,
      1.1061652898788452,
      1.1035518646240234,
      1.1002143621444702,
      1.10298752784729,
      1.1062356233596802,
      1.1070225238800049,
      1.1093254089355469,
      1.1018997430801392,
      1.0983718633651733,
      1.10005784034729,
      1.1007335186004639
    ]
  },
  "best_val_accuracy": 0.7578125,
  "final_val_accuracy": 0.7578125,
  "target_accuracy": 0.9
}